name,price_dollar,ratings,reviews
"Lenovo 2022 Newest Ideapad 3 Laptop, 15.6"" HD Touchscreen, 11th Gen Intel Core i3-1115G4 Processor, 8GB DDR4 RAM, 256GB PCIe NVMe SSD, HDMI, Webcam, Wi-Fi 5, Bluetooth, Windows 11 Home, Almond",357.05,4.4,"(1,779)"
"Acer Aspire 5 A515-46-R3UB | 15.6"" Full HD IPS Display | AMD Ryzen 3 3350U Quad-Core Mobile Processor | 4GB DDR4 | 128GB NVMe SSD | WiFi 6 | Backlit KB | FPR | Amazon Alexa | Windows 11 Home in S mode",324.86,4.5,"(39,375)"
"Lenovo IdeaPad 15.6"" FHD Slim and Light Laptop, 12th Gen Intel 10-Core i5-1235U, 16GB RAM, 512GB PCIe SSD, USB-C, HDMI, WiFi 6, KeyPad, Webcam, SD Card Reader, SPS HDMI Cable, Cloud Grey, Win 11",0,0,0
"Acer Predator Helios 300 PH315-54-760S Gaming Laptop | Intel i7-11800H | NVIDIA GeForce RTX 3060 GPU | 15.6"" FHD 144Hz 3ms IPS Display | 16GB DDR4 | 512GB SSD | Killer WiFi 6 | RGB Keyboard","1,193.93",4.6,"(3,601)"
"Dell 2022 Newest Inspiron 3511 Laptop, 15.6"" FHD Touchscreen, Intel Core i5-1135G7, 16GB DDR4 RAM, 512GB PCIe SSD, SD Card Reader, Webcam, HDMI, Wi-Fi, Windows 11 Home, Black",0,3.9,(62)
"ASUS VivoBook S15 S533 Thin and Light Laptop, 15.6” FHD Display, Intel Core i5-1135G7 Processor, 8GB DDR4 RAM, 512GB PCIe SSD, Wi-Fi 6, Windows 10 Home, Indie Black, S533EA-DH51",560.00,4.5,(321)
Dell 2022 Inspiron 3000 I3515 15.6″ HD Laptop AMD Quad-Core Ryzen 5 3450U 32GB DDR4 1TB NVMe SSD Radeon Vega 8 Graphics HDMI Webcam WiFi AC BT Card Reader Black Windows 11 Pro,0,4.7,(36)
"MSI Creator 17 Professional Laptop: 17.3"" UHD 120Hz 100% AdobeRGB Display, Intel Core i7-11800H, NVIDIA GeForce RTX 3060, 16GB RAM, 512GB NVME SSD, Thunderbolt 4, Win10, Core Black (B11UE-471)","2,064.78",4.0,(29)
"Lenovo - Legion Slim 7 - Gaming Laptop - AMD Ryzen 7 5800H - 16GB DDR4 RAM - 2 x 1TB NVMe TLC SSD - NVIDIA GeForce RTX 3060 Max-Q Graphics - 15.6"" FHD 165 Hz - Windows",0,4.8,(40)
"Microsoft Surface Laptop Go - 12.4"" Touchscreen - Intel Core i5 - 8GB Memory - 128GB SSD - Ice Blue",524.28,4.6,"(1,276)"
"ASUS Laptop L210 11.6” ultra thin, Intel Celeron N4020 Processor, 4GB RAM, 64GB eMMC storage, Windows 10 Home in S mode with One Year of Office 365 Personal, L210MA-DB01",0,4.3,"(7,918)"
"MSI Raider GE77Hx 17.3"" QHD 240Hz Gaming Laptop: Intel Core i7-12800HX RTX 3070 Ti 16GB DDR5 1TB NVMe SSD, Thunderbolt 4, USB-Type C, Cooler Boost 5, Win11 Pro: Dark Grey 12UHS-004","1,999.00",5.0,(3)
"Lenovo Flex 5 Laptop, 14.0"" FHD Touch Display, AMD Ryzen 5 5500U, 16GB RAM, 512GB Storage, AMD Radeon Graphics, Windows 11 Home, Graphite Grey",644.99,4.5,"(1,306)"
"Samsung Chromebook 4 Chrome OS 11.6"" HD Intel Celeron Processor N4000 4GB RAM 32GB eMMC Gigabit Wi-Fi - XE310XBA-K01US",0,4.4,"(2,337)"
"ROG Zephyrus G14 Alan Walker Special Edition Gaming Laptop, 14” 120Hz Pantone Validated WQHD Display, GeForce RTX 3050 Ti, AMD Ryzen 9 5900HS, 16GB DDR4, 1TB SSD, Wi-Fi 6, Windows 10, GA401QEC-K2064T","1,289.00",4.2,(47)
HP 2020 Flagship 14 Chromebook Laptop Computer 14-inch HD SVA Anti-Glare Display Intel Celeron N5000 Processor 4GB DDR4 64GB eMMC WiFi Webcam Chrome OS (Renewed),157.99,4.4,"(2,336)"
"Acer 2022 15inch HD IPS Chromebook, Intel Dual-Core Celeron Processor Up to 2.55GHz, 4GB RAM, 32GB Storage, Super-Fast WiFi Up to 1300 Mbps, Chrome OS-(Renewed) (Dale Silver)",160.98,4.4,731
"Acer Aspire 5 A515-56-32DK Slim Laptop - 15.6"" Full HD IPS Display - 11th Gen Intel i3-1115G4 Dual Core Processor - 4GB DDR4 - 128GB NVMe SSD - WiFi 6 - Amazon Alexa - Windows 11 Home in S mode.",0,4.3,"4,008"
"MSI Katana GF66 15.6"" 144Hz FHD Gaming Laptop: Intel Core i7-12650H RTX 3050 Ti 16GB 512GB NVMe SSD, Type-C USB 3.2 Gen 1, High-ResoluTion Audio, Cooler Boost 5, Win11 Home: Black 12UD-436","1,039.99",4.5,"1,527"
"ASUS ROG Strix Scar 15 (2022) Gaming Laptop, 15.6” 300Hz IPS FHD Display, NVIDIA GeForce RTX 3060, Intel Core i9 12900H, 16GB DDR5, 512GB SSD, Per-Key RGB Keyboard, Windows 11 Home, G533ZM-ES93",0,4.6,427
"Acer Chromebook 311 Laptop | AMD A-Series Dual-Core A4-9120C | 11.6"" HD Display | AMD Radeon R4 Graphics | 4GB DDR4 | 64GB eMMC | 802.11ac WiFi 5 | Bluetooth 4.2 | Chrome OS | CB311-10H-42LY",0,4.3,519
"LG gram (2022) 14Z90Q Ultra Lightweight Laptop, 14"" (1920 x 1200) IPS Display, Intel Evo 12th Gen i7 1260P Processor, 16GB LPDDR5, 512GB NVMe SSD, FHD Webcam, WiFi 6E, Thunderbolt 4, Windows11, Black",889.99,3.5,9
"ASUS VivoBook 15 Thin and Light Laptop, 15.6” HD Display, Intel Celeron N4020 Processor, 4GB DDR4 SO-DIMM, 1TB SATA 5400RPM 2.5"" HDD, Windows 10 Home, Slate Grey, R565MA-RB05",254.64,4.2,564
"Lenovo IdeaPad Gaming 3 - 2022 - Everyday Gaming Laptop - NVIDIA GeForce RTX 3050 Graphics - 15.6"" FHD Display - 120 Hz - AMD Ryzen 5 6600H - 8GB DDR5 - 258GB SSD - Win 11 - Free 3-month Xbox GamePass",0,4.4,"1,286"
"HP 2022 Spectre 16"" 3K+ IPS Touch 2-in-1 Laptop Intel EVO Platform 14-Core i7-12700H Iris Xe Graphics 16GB DDR4 2TB SSD WiFi 6E HDMI Thunderbolt4 Backlit Fingerprint Windows 11 Pro w/ Pen and RE USB",0,4.2,76
"ASUS VivoBook 14 Laptop Computer, 14"" IPS FHD Display, Intel Core i3-1115G4 Processor, 4GB DDR4, 128GB PCIe SSD, Fingerprint Reader, Windows 11 Home in S Mode, Slate Grey, F415EA-AS31",0,4.4,343
"2022 HP High Performance Business Laptop - 17.3"" FHD IPS - 11th Intel i7-1165G7 - Iris Xe Graphics - 32GB DDR4 - 1TB SSD - WiFi 6 Bluetooth - Fullsize Keyboard w/ Numpad - Win 11 Pro w/ 32GB USB",0,4.4,3
"Lenovo ThinkBook 15p G2 ITH 21B1001LUS 15.6"" Notebook - UHD - 3840 x 2160 - Intel Core i7 11th Gen i7-11800H Octa-core (8 Core) 2.30 GHz - 16 GB RAM - 512 GB SSD - Mineral Gray","1,476.69",0,0
"ASUS TUF F15 Gaming Laptop, 15.6"" 144Hz FHD IPS-Type Display, Intel Core i5-10300H Processor, GeForce GTX 1650, 8GB DDR4 RAM, 512GB PCIe SSD, Wi-Fi 6, Windows 11 Home, FX506LH-AS51",661.74,4.6,924
"Acer Aspire Vero 14"" IPS FHD Slim Laptop 2023 Newest, 12th Gen Intel 10-Core i5-1235U, 16GB DDR4 1TB SSD, Thunderbolt 4, Fingerprint Reader, Backlit Keyboard, Windows 11, 3in1 Accessories",629.99,4.6,4
"2022 Newest Dell Inspiron 3000 Laptop, 15.6 HD Display, Intel Celeron N4020 Processor, 8GB DDR4 RAM, 128GB PCIe SSD, Online Meeting Ready, Webcam, WiFi, HDMI, Bluetooth, Win10 Home, Black",0,4.0,419
"Acer 2022 Aspire 5 15.6"" FHD IPS Laptop 8-Core AMD Ryzen 7 5700U Radeon RX Vega 8 Graphics 40GB DDR4 1TB NVMe SSD WiFi AX RJ-45 BT HDMI Webcam USB-C Backlit KB Fingerprint Windows 11 Pro w/ RE USB",0,4.8,9
"2022 HP High Performance Business Laptop - 17.3"" FHD IPS - 11th Intel i7-1165G7 - Iris Xe Graphics - 32GB DDR4 - 1TB SSD - WiFi 6 Bluetooth - Fullsize Keyboard w/ Numpad - Win 11 Pro w/ 32GB USB",0,4.4,3
"ASUS VivoBook 16X Laptop, 16"" 4K OLED Display, Intel Core  i7-12700H CPU, Intel Iris Xe Graphics, 16GB RAM, 512GB SSD, Fingerprint Sensor, Windows 11 Home, Quiet Blue, F1603ZA-DS74",0,4.3,11
"HP 15.6in Laptop (Intel Pentium Quad-Core N5000, 4GB RAM, 128GB SSD, HDMI, WiFi, Bluetooth, HD Webcam, Windows 10 S) (Renewed)",239.00,4.4,"1,230"
"ASUS TUF Gaming A15 15.6"" FHD 144Hz (32GB DDR5 RAM, 1TB PCIe SSD, AMD 8-Core Ryzen 7 6800H (Beat i7-11800H), RTX 3050 Ti) Gaming Laptop, RGB Backlit, Type-C, Wi-Fi 6, Free HDMI, Win 11 Home","1,099.99",4.4,384
"ASUS TUF F15 Gaming Laptop, 15.6"" 144Hz FHD IPS-Type Display, Intel Core i5-10300H Processor, GeForce GTX 1650, 8GB DDR4 RAM, 512GB PCIe SSD, Wi-Fi 6, Windows 11 Home, FX506LH-AS51",661.74,4.6,924
"Lenovo IdeaPad Gaming 3 - 2022 - Everyday Gaming Laptop - NVIDIA GeForce RTX 3050 Graphics - 15.6"" FHD Display - 120 Hz - AMD Ryzen 5 6600H - 8GB DDR5 - 258GB SSD - Win 11 - Free 3-month Xbox GamePass",0,4.4,"1,286"
"LG Gram 16Z90P - 16"" WQXGA (2560x1600) Ultra-Lightweight Laptop, Intel evo with 11th gen CORE i5 1135G7 CPU , 8GB RAM, 256GB SSD, Alexa Built-in, 22 Hours Battery, Thunderbolt 4, White – 2021","1,159.00",4.3,28
"HP 15 Business Laptop, 15.6"" FHD Micro-Edge, AMD 6-Core Ryzen 5 5500U (Beat i7-10850H), 16GB RAM, 512GB PCIe SSD, USB-C, HDMI, Webcam, KeyPad, SD Card Reader, SPS HDMI Cable, Spruce Blue, Win 11",0,3.0,2
"ASUS Laptop L510 Ultra Thin Laptop, 15.6” FHD Display, Intel Celeron N4020 Processor, 4GB RAM, 128GB Storage, Windows 10 Home in S Mode, 1 Year Microsoft 365, Star Black, L510MA-DS04",0,4.4,900
"MSI Prestige 14 14"" FHD Ultra Thin and Light Professional Laptop: Intel Core i7-1260P GTX 1650 16GB LPDDR4X 512GB NVMe SSD, Thunderbolt 4, MicroSD Card Reader, Win 11 Pro: Carbon Gray A12SC-007",0,5.0,1
"ASUS Q550LF-BBI7T07 15.6"" Touch Screen 8GB Memory 1TB Hard Drive",0,3.7,41
"ASUS ZenBook 14 OLED Laptop 14” 2.8K OLED Display, AMD Ryzen 7 5825U CPU, Radeon Graphics, 8GB RAM, 512GB PCIe SSD, Windows 11 Home, Jade Black, UM3402YA-DS71",866.07,3.9,2
"GIGABYTE G5 ME: 15.6"" FHD 144Hz, NVIDIA GeForce RTX 3050 Laptop GPU 6GB GDDR6, Intel Core i5-12500H, 16GB Memory, 512GB SSD, Win11 Home, Gaming Laptop (G5 ME-51US213SH)",0,0,0
"2022 Lenovo IdeaPad Gaming 3 Laptop, 15.6'' FHD 120Hz, AMD 6-Core Ryzen 5 5600H (Beat i9-10980HK), GeForce RTX 3050Ti, 16GB RAM, 1TB PCIe SSD, WiFi 6, Backlit, SPS HDMI 2.1 Cable, Win 11 Shadow Black",0,4.0,8
"Lenovo Thinkpad Yoga 11e Laptop 11.6inch Touchscreen Convertible Ultrabook PC, Intel Quad Core Processor, 128GB Solid State Drive, 4GB DDR3 RAM, HD Webcam, LED, HDMI, Bluetooth, Windows 10 (Renewed)",124.99,4.0,886
"Lenovo X1 Carbon 6th Generation Ultrabook: Core i7-8550U, 16GB RAM, 512GB SSD, 14inch Full HD Display, Backlit Keyboard (Renewed)",407.00,4.3,91
"Lenovo Ideapad 1i 14"" HD Laptop Computer, Dual-Core Intel Celeron N4020, 4GB RAM, 64GB eMMC, HDMI, WiFi, Bluetooth, Type-C, Webcam, Long Battery, 1-Year Microsoft 365, Win 11S, Goldoxis 32GB SD Card",169.99,5.0,4
"HP Pavilion 15 Laptop, 11th Gen Intel Core i7-1165G7 Processor, 16 GB RAM, 512 GB SSD Storage, Full HD IPS micro-edge Display, Windows 10 Pro, Compact Design, Long Battery Life (15-eg0021nr, 2020)",0,4.5,"1,008"
"Acer 2022 Aspire 5 Laptop: Core i7-1255U, 16GB RAM, 512GB SSD, 15.6"" Full HD Touchscreen IPS Display, Backlit Keyboard, Windows 11",687.49,5.0,1
"Lenovo Latest IdeaPad 5i Laptop | 15.6"" FHD IPS Touchscreen | Intel 10-Core i7-1255U | NVDIA MX550 Graphics | 16GB DDR4 512GB SSD | WiFi 6 | USB-C | HDMI | Backlit KB | Fingerprint | Windows 11 Home",0,5.0,1
"Dell Inspiron 15.6-inch HD Touchscreen Laptop PC (2018 Model), Intel i5-7200U 2.5GHz, 8GB RAM, 2TB HDD, Intel HD Graphics 620, MaxxAudio, Bluetooth, HDMI, WiFi, Windows 10",0,4.2,309
"SAMSUNG Electronics Galaxy Book Odyssey Intel Laptop Computer 15.6"" LED Screen Intel Core i7 Processor 16GB Memory 512GB SSD Long-Lasting Battery, Mystic Black",0,4.3,30
"Lenovo IdeaPad 1 14 Laptop, 14.0"" HD Display, Intel Celeron N4020, 4GB RAM, 64GB Storage, Intel UHD Graphics 600, Win 11 in S Mode, Cloud Grey",149.99,4.1,23
"Apple 2021 iMac All-in-one Desktop Computer with M1 chip: 8-core CPU, 8-core GPU, 24-inch Retina Display, 8GB RAM, 512GB SSD Storage, Matching Accessories. Works with iPhone/iPad; Pink",0,4.7,"1,821"
Dell Latitude 5480 | 14 inch Business Laptop | Intel i5-6300U | 8GB DDR4 | 256GB SSD | Backlit Keyboard | Win 10 Pro (Renewed),184.00,4.3,344
"Lenovo ThinkPad T470 14” FHD Intel Core i5-6300U 2.4GHz, 16GB RAM, 256GB SSD, Windows 10 Pro 64Bit, CAM (Renewed)",216.00,4.4,10
"Dell Latitude 5000 5420 14"" Notebook - Full HD - 1920 x 1080 - Intel Core i5 11th Gen i5-1135G7 Quad-core (4 Core) - 16 GB RAM - 256 GB SSD - Titan Gray Dull",679.00,0,0
"Acer Aspire 5 A517-52-75N6 Laptop | 17.3"" Full HD IPS Display | 11th Gen Intel Core i7-1165G7 | Intel Iris Xe Graphics | 16GB DDR4 | 512GB SSD | WiFi 6 | Fingerprint Reader | BL Keyboard | Windows 11",669.98,4.5,22
"MSI GS76 Stealth 17.3"" FHD 360Hz 3ms Ultra Thin and Light Gaming Laptop Intel Core i9-11900H RTX3070 32GB 1TB NVMe SSD Win11 VR Ready - Black (11UG-653)","1,899.00",5.0,5
"Acer Nitro 5 AN515-57-79TD Gaming Laptop | Intel Core i7-11800H | NVIDIA GeForce RTX 3050 Ti Laptop GPU | 15.6"" FHD 144Hz IPS Display | 8GB DDR4 | 512GB NVMe SSD | Killer Wi-Fi 6 | Backlit Keyboard",788.00,4.5,"5,206"
"ASUS TUF Gaming A17 (2022) Gaming Laptop, 17.3” 144Hz FHD IPS-Type Display, AMD Ryzen 7 6800H, GeForce RTX 3050 Ti, 16GB DDR5, 512GB PCIe SSD, Wi-Fi 6, Windows 11 Home, Mecha Gray, FA707RE-MS73",0,0,0
"Samsung Galaxy Chromebook 2 XE530QDA-KA1US 13.3"" Touchscreen 2 in 1 Chromebook - Full HD - 1920 x 1080 - Intel Core i3 (10th Gen) i3-10110U 2.10 GHz - 8 GB RAM - Fiesta Red",0,4.4,189
"2022 HP High Performance Business Laptop - 17.3"" FHD IPS - 11th Intel i7-1165G7 Iris Xe Graphics - 32GB DDR4 - 1TB SSD - Backlit Keyboard - Fingerprint Reader - Silver - Win 10 Pro",0,3.6,3
"Acer Aspire 5 15.6 FHD Notebook Laptop, Intel Core i7-1165G7 Processor, 32GB RAM, 1TB PCIe SSD + 1TB HDD, Webcam, Backlit Keyboard, Fingerprint Reader, Wi-Fi 6, Windows 11 Home, Black",0,4.3,97
"HP Chromebook 11-inch Laptop - Up to 15 Hour Battery Life - MediaTek - MT8183 - 4 GB RAM - 32 GB eMMC Storage - 11.6-inch HD Display - with Chrome OS™ - (11a-na0021nr, 2020 model, Snow White)",179.99,4.4,"2,905"
"2022 Lenovo Thinkbook 15 Gen 4 Laptop 15.6"" FHD IPS 300 nits 10-Core 12th Intel i7-1255U 16GB DDR4 1TB NVMe SSD Iris Xe Graphics Backlit KB FP Reader WiFi 6 Thunderbolt 4 Win 10 Pro w/ 32GB USB",0,0,0
Microsoft Surface Laptop 4 15” Touch-Screen – Intel Core i7 - 32GB - 1TB Solid State Drive - Matte Black,0,4.6,343
"ASUS Chromebook CX1, 11.6"" HD NanoEdge Display, Intel Celeron N3350 Processor, 32GB eMMC,  4GB RAM, Chrome OS, Transparent Silver, CX1100CNA-AS42",0,4.2,"1,230"
"MSI Pulse GL66 Gaming Laptop: 15.6"" 144Hz FHD 1080p Display, Intel Core i7-11800H, NVIDIA GeForce RTX 3070, 16GB, 512GB SSD, Win10, Black (11UGK-001)","1,388.00",4.6,"3,314"
"HP Pavilion Laptop, 15.6"" Full HD IPS Touchscreen, 10th Gen Intel Core i5-1035G1 Processor up to 3.60GHz, 12GB RAM, 512GB PCIe NVMe SSD, Backlit Keyboard, HDMI, Wireless-AC, Bluetooth, Windows 10 Home",745.99,4.5,663
"MSI 2022 GF65 Thin 15.6"" FHD IPS 144Hz Gaming Laptop Intel 8-Core i7-10750H NVIDIA GeForce RTX 3060 6GB GDDR6 32GB DDR4 1TB NVMe SSD HDMI USB-C WiFi AX RJ-45 Backlit Windows 11 Home w/ RE 32GB USB",0,4.5,7
"MSI Summit E13 Flip EVO Professional Laptop: 13"" IPS-Level Touch Screen, Intel core i7-1185G7, Iris Xe, 32GB RAM, 1TB NVMe SSD, Win10 PRO, Pure White (A11MT-020)",0,3.8,35
"Lenovo Legion Gaming Laptop, 15.6"" FHD 120Hz, AMD 6-Core Ryzen 5 5600H (Beat i9-10980HK), GeForce RTX 3050 Ti, 16GB RAM, 512GB PCIe SSD, USB-C, HDMI, RJ45, WiFi 6, Backlit, With HDMI 2.1 Cable, Win 11",0,0,0
"Microsoft Surface Laptop 3, 10th Gen Intel Core i5 (13.5"" Touchscreen - 8GB Memory - 256GB SSD) - Black (Renewed Premium)",0,4.2,165
"ASUS Chromebook C203XA Rugged & Spill Resistant Laptop, 11.6"" HD, 180 Degree, MediaTek Quad-Core Processor, 4GB RAM, 32GB eMMC, MIL-STD 810G Durability, Dark Grey, Education, Chrome OS, C203XA-YS02-GR",120.00,4.3,382
2022 Asus TUF FX706HE Gaming Laptop 17.3” 144Hz FHD Display Intel 6-Core i5-11260H 16GB DDR4 1TB NVMe SSD - NVIDIA GeForce RTX 3050Ti 4GB GDDR6 WiFi 6 - RGB Backlit Keyboard RJ45 Win 11 Pro,0,4.3,4
"MSI Vector GP76 17.3"" QHD 240Hz Gaming Laptop Intel Core i9-12900H RTX3080TI 64GB 2TB NVMe SSD Win11 - Black (12UHSO-893)","2,699.00",0,0
"Lenovo 15.6"" IdeaPad Laptop (Latest Model), AMD Athlon Dual Core Processor, 12GB RAM, 640GB SSD (128GB eMMC+512GB PCIe SSD), Webcam, HDMI, WiFi 6, USB Type-C, Long Battery Life, NLY MP, Windows 11",399.99,4.6,3
"ASUS TUF Dash 15 (2021) Ultra Slim Gaming Laptop, 15.6"" 144Hz FHD, GeForce RTX 3050 Ti, Intel Core i7-11370H, 8GB DDR4, 512GB PCIe NVMe SSD, Wi-Fi 6, Windows 10, Eclipse Grey Color, TUF516PE-AB73",0,4.5,"1,314"
"HP Chromebook 14-inch HD Touchscreen Laptop, Intel Celeron N4000, 4 GB RAM, 32 GB eMMC, Chrome (14a-na0030nr, Mineral Silver)",285.99,4.5,"6,074"
"Lenovo ThinkPad X1 Carbon (6th Gen) - Windows 10 Pro - Intel Quad Core i7-8650U, 256GB NVMe-PCIe SSD, 16GB RAM, 14 FHD IPS (1920x1080) Display, Fingerprint Reader, Black (Renewed)",509.00,3.8,19
"HP 15 Touchscreen Business Laptop, 15.6"" HD, 11th Gen Intel 4-Core i5-1155G7, Intel Iris Xe Graphics, 16GB RAM, 512GB PCIe SSD, USB-C, HDMI, SD Card Reader, Webcam, Keypad, SPS HDMI Cable, Win 11",0,0,0
"ASUS ROG Strix G15 (2022) Gaming Laptop, 15.6” 300Hz IPS FHD Display, NVIDIA GeForce RTX 3060, AMD Ryzen 7 6800H, 16GB DDR5, 1TB SSD, RGB Keyboard, Windows 11 Home, G513RM-IS74",0,0,0
"2020 HP 15.6"" HD LED Display Laptop, Intel Pentium Gold 6405U Processor, 4GB DDR4 RAM, 128GB SSD, HDMI, Webcam, WI-FI, Windows 10 S, Scarlet Red",0,4.4,"1,411"
ASUS 2023 ROG Strix Scar G533 15.6” 300Hz FHD Gaming Laptop PC 12th Intel 14-Core i9-12900H 64GB DDR5 4TB SSD NVIDIA GeForce RTX 3060 6GB WiFi 6E Thunderbolt4 RGB Backlit Windows 11 Pro w/ RE USB,"2,689.99",5.0,2
"ASUS TUF Dash 15 (2022) Gaming Laptop, 15.6"" 144Hz FHD Display, Intel Core i7-12650H, GeForce RTX 3060, 16GB DDR5, 512GB SSD, Thunderbolt 4, Windows 11 Home, Off Black, FX517ZM-AS73",0,4.5,781
"SAMSUNG 15.6” Galaxy Book2 Pro Laptop Computer, i7 / 16GB / 512GB, 12th Gen Intel Core Processor, Evo Certified, Lightweight, 2022 Model, Graphite","1,549.99",4.3,206
"Dell Inspiron 2-in-1 Touch Screen Laptop, 14"" FHD+ IPS, AMD 6-Core Ryzen 5 5625U (Beat i7-1265U), 16GB RAM, 1TB PCIe SSD, WiFi 6, Backlit, FP Reader, SPS HDMI Cable, Pebble Green, Win 11",0,0,0
"Acer Travelmate P4 Thin & Light Business Laptop, 14.0"" Full HD, Intel Core i5-1135G7, 8GB DDR4, 512GB NVMe SSD, Thunderbolt 4, Intel Wi-Fi 6, Mil-Spec, Fingerprint Reader, Win 10 Pro, TMP414-51-506U",0,2.1,4
"MSI GL75 Leopard Gaming Laptop: 17.3"" 144Hz Display, Intel Core i7-10750H, NVIDIA GeForce GTX 1660 Ti, 16GB RAM, 512GB NVMe SSD, Win10, Black (10SDK-651)",0,4.6,"3,314"
"ASUS BR1100 Laptop, 11.6"" HD Anti-Glare Touchscreen Display, Intel Celeron N4500, 4GB RAM, 64GB Storage, MIL-STD 810H Durability, TPM 2.0, Windows 10 Pro, Dark Grey, Stylus Included, BR1100FKA-502YT",0,4.4,129
"Acer Nitro 5 AN515-58-7583 Gaming Laptop | Intel Core i7-12700H | NVIDIA GeForce RTX 3070 Ti Laptop GPU | 15.6"" QHD 165Hz 3ms IPS Display | 16GB DDR4 | 2TB SSD in RAID 0 | Killer WiFi 6 | RGB Keyboard","1,799.99",4.6,"5,250"
"Acer Swift 3 Thin & Light Laptop 16.1"" Full HD IPS 100% sRGB Intel Core i7-11370H Intel Iris Xe Graphics 16GB LPDDR4X 512GB SSD Wi-Fi 6 Fingerprint Reader Back-lit KB SF316-51-740H",0,4.3,238
"2022 Lenovo IdeaPad Gaming 3 Laptop, 15.6'' FHD 120Hz, AMD 6-Core Ryzen 5 5600H (Beat i9-10980HK), GeForce RTX 3050Ti, 16GB RAM, 1TB PCIe SSD, WiFi 6, Backlit, SPS HDMI 2.1 Cable, Win 11 Shadow Black",0,4.0,8
"ASUS VivoBook 15 F515 Laptop, 15.6"" FHD Display, Intel i3-1115G4 CPU, 8GB DDR4 RAM, 128GB SSD, Windows 11 Home in S Mode, Slate Grey, F515EA-AH34",329.00,4.4,304
"Lenovo X1 Carbon 6th Generation Ultrabook: Core i7-8550U, 16GB RAM, 512GB SSD, 14inch Full HD Display, Backlit Keyboard (Renewed)",407.00,4.3,91
"HP 14 Laptop, AMD Ryzen 5 5500U, 8 GB RAM, 256 GB SSD Storage, 14-inch Full HD Display, Windows 11 Home, Thin & Portable, Micro-edge & Anti-glare Screen, Long Battery Life (14-fq1025nr, 2021)",391.00,4.5,"1,037"
"2022 ASUS TUF Gaming A15 Gaming Laptop, 15.6"" FHD 144Hz, AMD 8-Core Ryzen 7 6800H (Beat i9-11900H), GeForce RTX 3050Ti, 16GB DDR5, 512GB PCIe SSD, HDMI, RJ45, WiFi 6, RGB, SPS HDMI 2.1 Cable, Win 11",0,4.5,5
"Dell Precision 5000 5760 17"" Mobile Workstation - Full HD Plus - 1920 x 1200 - Intel Core i7 11th Gen i7-11850H Octa-core (8 Core) 2.50 GHz - 32 GB RAM - 512 GB SSD - Gray","1,599.00",4.0,1
"2022 Dell G15 Gaming Laptop 15.6"" FHD 120 Hz Display 14-Core 12th Intel Core i7-12700H NVIDIA RTX 3060 6GB GDDR6 32GB DDR5 1TB NVMe SSD Thunderbolt 4 Wi-Fi 6 Backlit Keyboard w/ G-Key Windows 11 Pro",0,4.6,6
"ASUS ZenBook Pro 16X OLED 16 inch 4K OLED 16:10 Touch Display, ASUS Dial, Intel Core i9-12900H, 32GB, 2TB, GeForce RTX 3060 GPU, Windows 11 Pro, Tech Black, UX7602ZM-XB96T",0,4.4,39
"Microsoft Surface Laptop 3 – 13.5"" Touch-Screen – Intel Core i5 - 8GB Memory - 256GB Solid State Drive – Matte Black",890.00,4.5,221
"Lenovo - 2022 - IdeaPad 3 - Travel Laptop Computer - AMD Ryzen 5 - 17.3"" FHD Display - 8GB Memory - 512GB Storage - Windows 11 Home",634.49,4.5,332
"Razer Blade 17 Gaming Laptop: NVIDIA GeForce RTX 3080 Ti - 12th Gen Intel 14-Core i7 CPU - 17.3"" QHD 240Hz - 32GB DDR5 RAM - 1TB PCIe SSD - Windows 11 - Chroma RGB - Thunderbolt 4 - SD Card Reader","3,569.99",4.0,49
"SAMSUNG 2018 Newest 11.6 Inch High Performance Chromebook, Intel Celeron N3060, 4GB Memory, 32GB eMMC Flash Memory, Bluetooth 4.0, USB 3.0, HDMI, Webcam, Chrome OS",0,4.4,"4,126"
"ASUS VivoBook S 15 OLED Slim Laptop, 15.6” FHD OLED Display, Intel Evo Platform, Intel Core i5-12500H CPU, 8GB RAM, 512GB SSD, Windows 11 Home, Indie Black, K3502ZA-DS51",939.14,5.0,3
"MSI GF63 Thin 9SC-614 15.6"" Gaming Laptop, Intel Core i5-9300H, NVIDIA GTX 1650, 8GB, 512GB NVMe SSD, Win10",0,4.5,361
"Lenovo - 2022 - IdeaPad Flex 5i - 2-in-1 Chromebook Laptop Computer - Intel Core i3-1115G4 - 13.3"" FHD Touch Display - 8GB Memory - 128GB Storage - Chrome OS",0,4.5,559
"HP Chromebook 11-inch Laptop - MediaTek - MT8183 - 4 GB RAM - 32 GB eMMC Storage - 11.6-inch HD Display - with Chrome OS™ - (11a-na0010nr, 2020 model)",0,4.4,"2,258"
"Gateway 14"" FHD Ultra Slim Laptop, 11th Gen Intel 4-Core i5-1135G7, Intel Iris Xe Graphics, 16GB RAM, 512GB SSD, Tuned by THX, USB-C, HDMI, WiFi, FP Reader, Webcam, SPS HDMI Cable, Win 10",0,5.0,1
"Razer Blade 14 Gaming Laptop: AMD Ryzen 9 6900HX - NVIDIA GeForce RTX 3070 Ti - 14"" QHD 165Hz - 16GB DDR5 RAM - 1TB PCIe SSD - Windows 11 - Ultra-Thin - CNC Aluminum - Chroma RGB - Mercury",0,3.6,39
"HP 2022 15.6"" HD BrightView Laptop, Intel Pentium Silver N5030 Processor, 8GB RAM, 256GB PCIe SSD, Intel HD Graphics 605, 720p HD Webcam, Stereo Speakers, Silver, Windows 11, 32GB USB Card",389.00,4.3,138
"Lenovo IdeaPad 1 Laptop, 14.0"" HD Display, Intel Celeron N4020, 4GB RAM, 64GB Storage, Intel UHD Graphics 600, Windows 11 in S Mode, Ice Blue",224.28,4.2,"1,243"
"ASUS Chromebook C403 Rugged & Spill Resistant Laptop, 14.0"" HD, 180 Degree, Intel Celeron N3350 Processor, 4GB RAM, 32GB eMMC, MIL-STD 810G Durability, Dark Blue, Education, Chrome OS, C403NA-WS42-BL",178.70,4.3,102
"Microsoft Surface Laptop Go 12.4"" Touchscreen Laptop PC, Intel Quad-Core i5-1035G1, 4GB RAM, 64GB eMMC, Webcam, Win 10 Pro, Bluetooth, Online Class Ready - Platinum",0,4.3,41
"Gateway 15.6"" Ultra Slim Notebook, FHD, AMD Ryzen 7 with Radeon RX Vega 10 Graphics, 512GB SSD, 8GB Memory, Tuned by THX Audio, Fingerprint Scanner, 2MP Camera, HDMI, Windows 11 Home, Blue",0,4.4,291
"HP15.6 Inch Laptop, Intel Iris Xe Graphics, 12th Generation Intel Core Processor, 8 GB RAM, 256 GB SSD, Windows 11 Home (15-dy2024nr, Natural silver)",442.03,4.4,"3,084"
"ASUS VivoBook L203MA Ultra-Thin Laptop, Intel Celeron N4000 Processor, 4GB LPDDR4, 64GB eMMC, 11.6” HD, USB-C, Windows 10 in S Mode (Switchable to Pro), L203MA-DS04, One Year of Microsoft Office 365",166.00,4.3,"6,384"
MSI WE76 11UM FHD Mobile Workstation Intel Core i9-11980HK Quadro RTX A5000 64GB RAM 1TB NVME SSD WIN10 Pro TPM2.0 Fingerprint 3 Year onsite Warranty,0,4.5,2
"Lenovo Slim 7i - 2022 - Slim & Light Weight Laptop - Windows 11 Home - 16"" Display - 16GB Memory - 1TB Storage - Intel i7 12th Gen - Storm Grey",0,3.2,11
"MSI GF63 Thin Gaming Laptop, 15.6"" FHD IPS Display, 11th Gen 6-Core i5-11400H, GeForce GTX 1650, 8GB RAM, 512GB PCIe SSD+1TB HDD, USB-C, HDMI, RJ45, WiFi 6, Backlit, SPS HDMI Cable, Win 11",0,5.0,1
"ASUS Vivobook Go 12 L210 11.6” Ultra-Thin Laptop, 2022 Version, Intel Celeron N4020, 4GB RAM, 64GB eMMC, Win 11 Home in S Mode with One Year of Office 365 Personal, L210MA-DS02",149.98,4.0,239
"Acer Swift 3 Intel Evo Thin & Light Laptop, 13.5"" 2256 x 1504 IPS, Intel Core i7-1165G7, Intel Iris Xe Graphics, 8GB LPDDR4X, 512GB NVMe SSD, Wi-Fi 6, Fingerprint Reader, Back-lit KB, SF313-53-78UG",588.00,4.4,84
"Lenovo IdeaPad 3 14 Laptop, Intel Core i3-1005G1, 4GB RAM, 128GB Storage, 14.0"" FHD Display, Windows 10 S",235.29,4.4,206
"ASUS Laptop L210 11.6” Ultra Thin, Intel Celeron N4020 Processor, 4GB RAM, 64GB eMMC Storage, Windows 10 Home in S Mode with One Year of Office 365 Personal, L210MA-DB02,Star Black",0,4.2,531
"Samsung Chromebook 3 XE500C13-K01US 2 GB RAM 16GB SSD 11.6 Inch Laptop, Black",0,4.2,"1,271"
"Lenovo IdeaPad 3 15.6"" Full HD Touchscreen Laptop, Ryzen 7 5700U, 12GB RAM, 512GB SSD, Windows 11 Home, Cloud Grey",0,0,0
"MSI Stealth 15M Gaming Laptop: 15.6"" 144Hz FHD 1080p Display, Intel Core i7-11375H, NVIDIA GeForce RTX 3060, 16GB, 512GB SSD, Thunderbolt 4, WiFi 6, Win10, Carbon Gray (A11UEK-009)","1,399.00",4.3,821
"ASUS Student Laptop, 12 inch IPS Anti-Glare Eye-Care HD Display, Intel Celeron N4500, Military-Grade Durability, Wi-Fi 6, Ethernet Port, Long Battery Life, Windows 10 Pro (4GB RAM | 128GB SSD)",0,4.2,55
"ASUS VivoBook Pro 16 Laptop, 16” 16:10 Display, Intel Core i7-12650H CPU, NVIDIA® GeForce RTX 3050 Ti GPU, 16GB RAM, 1TB SSD, Windows 11 Home, Quiet Blue, K6602ZE-DB76",0,0,0
"HP New 2022 17.3"" FHD IPS Display, 11th Gen Intel Core i3-1115G4, Windows 11 Home, 8GB RAM, 256GB SSD, Wi-Fi 5, Bluetooth, HDMI, Webcam",0,4.3,149
"ASUS ROG Strix G15 (2022) Gaming Laptop, 15.6"" 300Hz IPS FHD Display, NVIDIA GeForce RTX 3050, AMD Ryzen 7 6800H, 16GB DDR5, 1TB SSD, RGB Keyboard, Windows 11 Home, G513RC-IS74","1,259.90",4.7,30
"Acer Aspire 5 A517-52-58UL Laptop | 17.3"" Full HD IPS Display | 11th Gen Intel Core i5-1135G7 | Intel Iris Xe Graphics | 8GB DDR4 | 512GB SSD | WiFi 6 | Fingerprint Reader | BL Keyboard | Windows 11",609.00,4.3,15
"Toshiba Dynabook Satellite Pro L50-G Business Computer, 15.6"" FHD Laptop, Intel Quard-Core i7-10510U, 16GB DDR4 RAM, 1TB PCIe SSD, GeForce MX250 2GB, Bluetooth, WiFi, Webcam, Type-C, Windows 10 Pro","2,299.00",4.6,15
"HP 15-dy1036nr 10th Gen Intel Core i5-1035G1, 15.6-Inch FHD Laptop, Natural Silver",439.00,4.5,"2,514"
"Dell Inspiron 15 3505 Full HD Laptop (FHD), 15.6 inch - AMD Ryzen 5 3450U, 12GB DDR4 RAM, 512GB SSD, AMD Radeon Vega 8 Graphics, Windows Laptop (10) - Black",0,4.5,176
"HP 17 Laptop PC, 11 Generation Intel Core, 4 GB RAM, 256 GB SSD, UHD Graphics, 17.3"" HD+ Display, Windows 11 Home, Wi-Fi & Bluetooth Combo, 7 Ports, Long Battery Life, HD Webcam (17-by4025nr, 2022)",430.99,4.5,987
"Lenovo - Legion 5 - Gaming Laptop - 15.6"" FHD - AMD Ryzen 5 5600H - 8GB DDR4 RAM - 512GB NVMe TLC SSD - NVIDIA GeForce RTX 3050 Ti Graphics - Windows 11 Home - Phantom Blue",714.95,4.8,18
"LG gram (2022) 15Z90Q Ultra Lightweight Laptop, 15"" (1920 x 1080) IPS Display, Intel 12th Gen i7 1260P Processor, 32GB LPDDR5, 1TB NVMe SSD, FHD Webcam, WiFi 6E, Thunderbolt 4, Windows 11, Black","1,899.99",4.5,30
"GIGABYTE G5 KE: 15.6"" FHD 144Hz, NVIDIA GeForce RTX 3060 Laptop GPU 6GB GDDR6, Intel Core i5-12500H, 16GB Memory, 512GB SSD, Win11 Home, Gaming Laptop (G5 KE-52US213SH) ,Black",0,5.0,1
"ASUS VivoBook 16X Laptop, 16” WUXGA (1920 x 1200) 16:10 Display, AMD Ryzen 5 5600H CPU, AMD Radeon Vega 7 Graphics, 16GB RAM, 512GB SSD, Fingerprint Sensor, Windows 11 Home, Quiet Blue, M1603QA-ES54",0,4.0,2
"ASUS 2020 VivoBook 15 15.6 Inch FHD 1080P Laptop (AMD Ryzen 3 3200U up to 3.5GHz, 16GB DDR4 RAM, 256GB SSD, AMD Radeon Vega 3, Backlit Keyboard, FP Reader, WiFi, Bluetooth, HDMI, Windows 10) (Grey)",0,4.3,577
"Acer Spin 5 Convertible Laptop, 13.5"" 2256 x 1504 IPS Touch | 10th Gen Intel Core i5-1035G4 | 8GB LPDDR4 | 256GB NVMe SSD | WiFi 6 | Backlit KB | FPR | Active Stylus | Windows 10 Pro | SP513-54N-58XD",905.00,4.3,"1,128"
"LG Gram (2022) 16Z90Q Ultra Lightweight Laptop, 16"" (2560 x 1600) IPS Display, Intel i7 1260P CPU, NVIDIA RTX2050 GPU, 16GB RAM, 1TB NVMe SSD, FHD Webcam, WiFi 6E, Thunderbolt 4, Windows 11, Gray","1,329.00",5.0,3
"ASUS VivoBook 15 F515 Thin and Light Laptop, 15.6” FHD Display, Intel i5-1135G7 Processor, Iris Xe Graphics, 8GB DDR4 RAM, 512GB SSD, Fingerprint, Windows 11 Home, Slate Grey, F515EA-DH55",572.00,4.5,53
"Zenbook Pro 14 Duo OLED 14.5” 2.8K OLED Touch, 120Hz Refresh Rate, ScreenPad Plus, Intel Evo Platform, i7-12700H CPU, 32GB RAM, 1TB SSD, Windows 11 Home, Tech Black, UX8402ZA-DB76T",0,3.8,27
"ASUS 14.5"" OLED VivoBook Intel Evo Platform Laptop - 12th Gen Intel Core i7-12700H - 2880 x 1800 Display 120HZ -12GB DDR4 RAM 512GB PCIe® NVMe™ M.2 4.0 Solid State Drive Windows 11 - Midnight Black",804.49,3.6,5
"2022 Lenovo IdeaPad Gaming 3 Gaming Laptop, 15.6"" FHD IPS 120Hz, AMD 6-Core Ryzen 5 5600H (Beat i7-1255U), GeForce GTX 1650, 16GB RAM, 1TB PCIe SSD, USB-C, RJ45, Backlit KB, SPS HDMI Cable, Win 11",0,4.7,4
"MSI Summit E16 FLIP 16"" QHD+ Touch Ultra Thin 2-in-1 Professional Laptop Intel Core i7-1195G7 RTX3050 16GB LPDDR4X 1TB NVMe SSD Win10Pro (A11UCT-019)","1,565.20",5.0,7
"MSI Raider GE67Hx 15.6"" OLED QHD 240Hz Gaming Laptop Intel Core i7-12800HX RTX3070TI 16GBDDR5 1TB NVMe SSD Win11 - Dark Grey (12UGS-070)","1,995.00",4.2,13
"HP EliteBook 840 G3 - 14” FHD, Intel Core i5-6300U 2.4Ghz, 8GB DDR4, 256GB SSD, Bluetooth 4.2, Windows 10 64 (Renewed)",181.99,4.1,640
"Samsung Chromebook 2 XE500C12-K01US 11.6 Inch Laptop (Intel Celeron, 2 GB, 16 GB SSD, Silver)",0,4.3,"1,045"
"ASUS VivoBook Pro 16X OLED Laptop, 16"" WQUXGA 16:10 Display, Intel Core i7-11370H CPU, NVIDIA GeForce RTX 3050, 32GB RAM, 1TB SSD, Windows 11 Home, DialPad, Comet Grey, N7600PC-EH77",0,3.5,41
"Apple 2023 MacBook Pro Laptop M2 Pro chip with 10‑core CPU and 16‑core GPU: 14.2-inch Liquid Retina XDR Display, 16GB Unified Memory, 512GB SSD Storage. Works with iPhone/iPad; Silver","1,949.00",0,0
"Apple MacBook Pro Retina MF843LL/A 13” Laptop, 3.1GHz Intel Core i7, 16GB Memory, 512GB SSD, macOS 10.14 Mojave (Renewed)",429.00,4.0,287
"MSI Vector GP76 17.3"" FHD 360Hz Gaming Laptop: Intel Core i7-12700H RTX 3070 Ti 32GB 1TB NVMe SSD, Type-C USB 3.2 Gen2 w/ DP 1.4, Wi-Fi 6E, Cooler Boost 5, Win11 Home: Core Black 12UGS-298",0,4.0,2
"MSI Summit E13 Flip Evo Business Professional Laptop: 13.4"" FHD+ 1200p, Intel Core i5-1155G7, Intel Iris Xe, 16GB, 512GB SSD, Thunderbolt 4, WiFi 6E, TPM 2.0, Win10, Pure White (A11MT-235)",917.83,0,0
"Lenovo - Legion 5i - Gaming Laptop - Intel Core i7-11800H - 8GB DDR4 RAM - 1TB NVMe TLC SSD - NVIDIA GeForce RTX 3050 Ti Graphics - 17.3"" FHD 144Hz - Windows 11 Home - Phantom Blue","1,299.00",3.1,6
"ASUS VivoBook Pro 16X OLED Laptop, 16"" WQUXGA 16:10 Display, Intel Core i7-11370H CPU, NVIDIA GeForce RTX 3050, 32GB RAM, 1TB SSD, Windows 11 Home, DialPad, Comet Grey, N7600PC-EH77",0,3.5,41
"Acer Swift X SFX14-41G-R1S6 Creator Laptop | 14"" Full HD 100% sRGB | AMD Ryzen 7 5800U | NVIDIA RTX 3050Ti GPU | 16GB LPDDR4X | 512GB SSD | Wi-Fi 6 | Backlit KB | Amazon Alexa | Windows 10 Home",780.00,4.4,656
"Apple 2023 MacBook Pro Laptop M2 Pro chip with 10‑core CPU and 16‑core GPU: 14.2-inch Liquid Retina XDR Display, 16GB Unified Memory, 512GB SSD Storage. Works with iPhone/iPad; Silver","1,949.00",0,0
"Apple MacBook Pro Retina MF843LL/A 13” Laptop, 3.1GHz Intel Core i7, 16GB Memory, 512GB SSD, macOS 10.14 Mojave (Renewed)",429.00,4.0,287
"MSI Vector GP76 17.3"" FHD 360Hz Gaming Laptop: Intel Core i7-12700H RTX 3070 Ti 32GB 1TB NVMe SSD, Type-C USB 3.2 Gen2 w/ DP 1.4, Wi-Fi 6E, Cooler Boost 5, Win11 Home: Core Black 12UGS-298",0,4.0,2
"MSI Summit E13 Flip Evo Business Professional Laptop: 13.4"" FHD+ 1200p, Intel Core i5-1155G7, Intel Iris Xe, 16GB, 512GB SSD, Thunderbolt 4, WiFi 6E, TPM 2.0, Win10, Pure White (A11MT-235)",917.83,0,0
"Lenovo - Legion 5i - Gaming Laptop - Intel Core i7-11800H - 8GB DDR4 RAM - 1TB NVMe TLC SSD - NVIDIA GeForce RTX 3050 Ti Graphics - 17.3"" FHD 144Hz - Windows 11 Home - Phantom Blue","1,299.00",3.1,6
"ASUS Vivobook Pro 15 OLED Laptop, 15.6” 2.8K OLED Display, AMD Ryzen 7 6800H Mobile CPU, NVIDIA GeForce RTX 3050 GPU, 16GB RAM, 512GB SSD, Windows 11 Home, Quiet Blue, M6500RC-DB71",0,4.2,5
"ASUS 2020 VivoBook 15 15.6 Inch FHD 1080P Laptop (AMD Ryzen 3 3200U up to 3.5GHz, 8GB DDR4 RAM, 256GB SSD, AMD Radeon Vega 3, Backlit Keyboard, FP Reader, WiFi, Bluetooth, HDMI, Windows 10) (Grey)",0,4.4,356
"Lenovo 2022 Thinkbook 15 Gen 4 Laptop 15.6"" FHD Touch IPS 8-Core AMD Ryzen 7 5825U 40GB DDR4 2TB NVMe SSD Radeon Graphics HDMI WiFi AX RJ45 Backlit Fingerprint Thunderbolt 4 Windows 10 Pro w/ RE USB",0,5.0,4
"HP 15.6-inch HD Laptop, AMD Ryzen 3 3200U Processor, 8 GB RAM, 256 GB SSD, Windows 10 Home (15-ef0021nr, Natural Silver)",0,4.6,442
"Newest 2020 HP 14"" Laptop 10th Gen Intel Core i3-1005G1 Processor 1.2GHz 4GB DDR4 2666 SDRAM 128GB SSD Windows 10",299.99,4.6,466
"MSI Prestige 14 A10SC-230 14"" UHD 4k Ultra Thin and Light Professional Laptop Intel Core i7-10510U GTX1650 MAX-Q 16GB DDR4 512GB NVMe SSD Win10Pro TB3, White",975.29,4.2,25
"ASUS ZenBook 13 OLED Ultra-Slim Laptop, 13.3” OLED FHD NanoEdge Bezel Display, AMD Ryzen 7 5700U, 8GB LPDDR4X RAM, 512GB PCIe SSD, NumberPad, Wi-Fi 5, Windows 10 Home, Pine Grey, UM325UA-DS71",0,4.6,61
"HP 2022 Pavilion 17 Laptop, 17.3In HD+ Anti-Glare Display, 11th Gen Intel Core i3-1115G4, 8GB RAM, 256 GB PCIe SSD, Wireless-AC, Windows 11, Silver (Lasted Model), 17-30.99 inches",0,4.3,56
"ROG Zephyrus G15 (2020) Ultra Slim Gaming Laptop, 15.6” 144Hz FHD, GeForce GTX 1660 Ti, AMD Ryzen 7 4800HS, 16GB DDR4, 1TB PCIe NVMe SSD, Windows 10, GA502IU-ES76",0,4.4,415
"Lenovo IdeaPad 3i Touch Laptop, 15.6"" HD Touchscreen, 11th Gen Intel Core i3-1115G4, 20GB RAM, 512GB PCIe SSD+1TB HDD, HDMI, SD Card Reader, WiFi 6, Webcam, KeyPad, SPS HDMI Cable, Win 11",0,0,0
"Acer Swift X Intel Evo Thin & Light Creator Laptop | 16"" WUXGA 100% sRGB | 12th Gen Intel i7-1260P | Intel Arc A370M | 16GB LPDDR5 | 512GB Gen4 SSD| Killer WiFi 6E AX1675 | Windows 11 | SFX16-52G-73U6","1,249.00",5.0,2
"MSI Modern 15 Thin and Light Daily Laptop: 15.6"" FHD 1080p, Intel Core i7-1195G7, Intel Iris Xe, 16GB, 512GB SSD, Win10, Carbon Gray (A11MU-681)",768.00,4.3,12
"HP Stream 14-inch Laptop, Intel Celeron N4000, 4 GB RAM, 64 GB eMMC, Windows 10 Home in S Mode With Office 365 Personal For 1 Year (14-cb185nr, Royal Blue)",0,4.4,"1,930"
"Lenovo IdeaPad 1 14 Laptop, 14.0"" HD Display, Intel Celeron N4020, 4GB RAM, 64GB Storage, Intel UHD Graphics 600, Win 10 in S Mode, Ice Blue",176.00,4.4,"1,638"
"ASUS VivoBook 15 Laptop, 15.6"" Display, AMD Ryzen 5 4600H CPU, AMD Radeon GPU, 8GB RAM, 256GB SSD, Windows 11 Home, Quiet Blue, M1502IA-AS51",0,4.2,19
HYUNDAI | 14 Inch Laptop | High Performance Business and Student Notebook | 4GB RAM - 128GB SSD Storage | Intel N4020 | Windows 10 Home S | Expandable Storage | Grey - HT14CCIC44EGH,0,4.3,"1,423"
2022 MSI GF75 Thin 17.3inch FHD 120Hz Gaming Laptop Intel 4-Core i5-10300H NVIDIA GeForce GTX 1650 4GB GDDR6 16GB 1TB NVMe SSD HDMI USB-C WiFi AX RJ-45 Backlit Windows 10 Home w/ RE 32GB USB Black,0,5.0,1
"ASUS Chromebook Vibe C55 Flip, Cloud Gaming Laptop, 15.6"" Full HD 144 Hz Touch Display, Intel Core i5-1135G7 Processor, 256GB SSD, 16GB RAM, ChromeOS, Mineral Gray, CX5501FEA-DH566T",0,3.3,6
"HP Pavilion 17.3"" FHD IPS Laptop Newest 2022, 11th Gen Intel Core i5-1135G7(up to 4.2 GHz), 16GB DDR4 RAM, 1TB PCIe SSD, Wi-Fi 5, Bluetooth, Windows 11, Silver, w/ 3in1 Accessories",649.00,4.4,410
"Lenovo IdeaPad Touchscreen Laptop, 15.6"" FHD, AMD 8-Core Ryzen 7 5700U (Beat i7-10870H), 16GB RAM, 1TB PCIe SSD, USB-C, HDMI, WiFi 6, Webcam, KeyPad, FP Reader, SPS HDMI Cable, Cloud Grey, Win 11",0,0,0
"ASUS VivoBook Pro 14 OLED Laptop, 14” 2.8K OLED Display, AMD Ryzen 7 6800H Mobile CPU, NVIDIA GeForce RTX 3050 GPU, 16GB RAM, 1TB SSD, Windows 11 Home, Quiet Blue, M6400RC-EB74",0,4.5,29
"ASUS VivoBook Pro 15X Laptop, 144Hz 15.6” FHD Display, AMD Ryzen 9 6900HX Mobile CPU, NVIDIA GeForce RTX 3070 GPU, 32GB DDR5 RAM, 1TB PCIe SSD, Windows 11 Home, 0°Black, M6501RR-DB96",0,4.5,(2)
"MSI Stealth GS77 17.3"" UHD 4K 120Hz Ultra Thin & Light Gaming Laptop: Intel Core i9-12900H RTX 3080 Ti 32GB DDR5 1TB NVMe SSD, USB-Type C, Thunderbolt 4, CNC Aluminum, Win11 Pro: Core Black 12UHS-040",0,4.2,20
"HP Stream 11 Laptop, Intel Celeron N4020, 4 GB RAM, 64 GB Storage, 11.6” HD Anti-Glare Display, Windows 11, Long Battery Life, Thin & Portable, Includes Microsoft 365 (11-ak0040nr, 2021 Diamond White)",0,4.3,"1,125"
"HP Pavilion x360 Convertible 14-inch Laptop, 11th Generation Intel Core i5-1135G7 processor, Iris Xe Graphics, 8GB RAM, 256 GB SSD, Windows 11 Home (14-dw1025nr, Natural silver)",599.99,4.6,182
"ASUS ROG Strix G15 Gaming Laptop Advantage Edition, 15.6"" 165Hz QHD (2560 x 1440), 8 Cores AMD Ryzen 9 5980HX, Radeon RX 6800M, RGB Backlit Keyboard, WiFi 6, IR Sensor, 16GB RAM, 512GB PCIe SSD","1,298.49",5.0,1
"Gateway 15.6"" Ultra Slim Notebook, FHD, Intel Core i3-1115G4, Dual Core, 8GB Memory, 256GB SSD, Tuned by THX, 1.0MP Webcam, HDMI, Fingerprint Scanner, Cortana, Windows 10 Home, Blue",240.50,4.6,8
"GIGABYTE AERO 16 YE5 - 16"" 4K/UHD+ Samsung AMOLED, Intel Core i9-12900H, NVIDIA GeForce RTX 3080 Ti Laptop GPU 16GB GDDR6, 64GB DDR5 RAM, 2TB SSD, Win11 Pro (AERO 16 YE5-A4US958HP)",0,1.0,(1)
"HP 2022 Pavilion 13.3"" FHD IPS Laptop 11th Gen 4-Core Intel i7-1195G7 16GB DDR4 512GB NVMe SSD Iris Xe Graphics HDMI Webcam WiFi AX Bluetooth USB-C Backlit Fingerprint Windows 11 Pro w/ RE 32GB USB",0,4.2,(52)
"2022 Dell Inspiron 5420 14"" 2.2K (2240x1400) Laptop 12th Intel i7-1255U 10-Core 32GB DDR4 1TB NVMe SSD NVIDIA MX570 Graphics Backlit Keyboard w/ Fingerprint Reader WiFi 6E Windows 11 Pro",0,0,0
"ASUS ZenBook 14X OLED Space Edition Laptop, 14” 4K 16:10 OLED Touch Display, Intel Core i9-12900H CPU, 32GB RAM, 1TB SSD, Windows 11 Pro, ZenVision Display, UX5401ZAS-XH99T",0,0,0
"Lenovo Legion 5 Pro Gaming Laptop, 16"" QHD IPS 165Hz Display, AMD Ryzen 7 5800H (Beat i9-10980HK), GeForce RTX 3070 140W, 32GB RAM, 2TB PCIe SSD, USB-C, HDMI, RJ45, WiFi 6, RGB Keyboard, Win 11","1,749.99",5.0,(5)
"HP 2022 15.6"" FHD IPS Screen Laptop PC Intel 11th Gen 4-Core i5-1135G7 16GB DDR4 RAM 256GB NVMe SSD Intel Iris Xe Graphics Webcam HDMI WiFi BT Fast Charge USB-C Windows 11 Pro w/RE Accessories",0,4.7,(36)
"MSI Modern 14 Ultra Thin and Light Professional Laptop: 14"" FHD 1080p, Intel Core i5-10210U, UMA, 8GB, 512GB SSD, Win10, Carbon Gray (A10M-1052)",657.43,5.0,2
"Microsoft Surface Laptop 4 15"" Touch Screen - Intel Core i7 - 16GB - 512GB with Windows 11 (Latest Model) - Platinum",0,4.7,183
"2022 ASUS TUF Dash F15 Gaming Laptop, 15.6"" FHD 144Hz IPS Display, 12th Gen Intel Core i7-12650H, GeForce RTX 3060, 32GB DDR5, 512GB SSD, Thunderbolt 4, HDMI, RJ45, WiFi 6, Backlit Keyboard, Win 11","1,295.99",3.4,7
"LG Gram 16Z90P Laptop 16"" IPS Ultra-Lightweight, (2560 x 1600), Intel Evo 11th gen Core i7 , 16GB RAM, 1TB SSD, Upgradeable Windows 10 Home, Alexa Built-in, 2X USB-C, HDMI, USB-A - Silver",0,4.4,72
"ASUS Vivobook Pro 15 OLED Laptop, 15.6” 2.8K OLED Display, AMD Ryzen 7 6800H Mobile CPU, NVIDIA GeForce RTX 3050 Ti GPU, 16GB RAM, 1TB SSD, Windows 11 Home, Quiet Blue, M6500RE-EB74",0,4.5,2
"SAMSUNG 15.6” Galaxy Book2 Pro Laptop Computer, i5 / 8GB / 512GB, 12th Gen Intel Core Processor, Evo Certified, Lightweight, 2022 Model, Graphite",0,4.2,13
"Dell Latitude 5000 Series 5520 Business Laptop, 15.6"" FHD Touchscreen, Intel Core i5-1145G7 vPro, 16GB RAM, 512GB SSD, IR Camera, NFC, Backlit Keyboard, Wi-Fi 6, Windows 11 Pro",0,4.5,(6)
"Asus 2022 ASUS ROG Zephyrus 14'' Flagship Gaming Laptop, AMD Ryzen 7 5800HS(8 Cores), GeForce RTX 3060 6GB GDDR6, 144Hz 100% sRGB Pantone, Backlit Keyboard, White (16GB RAM | 512GB PCIe SSD)",0,4.6,(9)
"Lenovo Legion 5 Gaming Laptop, 15.6"" FHD IPS 120Hz, AMD 6-Core Ryzen 5 5600H (Beat i9-10980HK), GeForce RTX 3050, 16GB RAM, 512GB PCIe SSD, USB-C, HDMI, RJ45, WiFi 6, RGB, SPS HDMI 2.1 Cable, Win 11",0,1.5,(2)
"HP 2022 Newest 15.6 HD Micro-Edge Laptop，8-Cores AMD Ryzen 7 5700U(up to 4.3GHz), 16GB DDR4 RAM, 512GB PCIe SSD, Full-Size KB, WiFi 6, Bluetooth 5.2, HDMI, Windows 11, Silver, w/ 3in1 Accessories",609.99,3.9,(18)
"MSI GF63 15.6"" Gaming Laptop Intel Core i5-10500H GTX1650 8GB 512GB NVMe SSD Win10 - Black (10SC-838)",777.73,0,0
"HP 14-ax040wm Laptop, Intel Celeron N3060, 1.6 GHz, 32 GB, Windows 10 Home 64 Bit, Black, 14""",0,3.6,753
"ASUS Vivobook Pro 15 Laptop, 15.6” FHD Display, AMD Ryzen 5 5600H Mobile CPU, NVIDIA® GeForce® GTX 1650 GPU, 8GB RAM, 512GB SSD, Windows 11 Home, Fingerprint Reader, Quiet Blue, M6500QH-DB51",0,0,0
"2022 ASUS TUF F15 Gaming Laptop, 15.6"" FHD IPS 144Hz, 11th Gen Intel 6-Core i5-11400H, GeForce RTX 3050, 32GB RAM, 2TB PCIe SSD, Thunderbolt 4, RJ45, WiFi 6, RGB KB, SPS HDMI 2.1 Cable, Win 11",0,4.5,15
"GIGABYTE AORUS 15 XE4 15.6"" QHD 165Hz Gaming Notebook Computer, Intel Core i7-12700H 2.3GHz, 16GB RAM, 1TB SSD, NVIDIA GeForce RTX 3070 Ti 8GB, Windows 11 Home, Black",0,4.0,36
"HP 15 Laptop, AMD Ryzen 3 3250U Processor, 8 GB RAM, 256 GB SSD Storage, 15.6-inch HD Micro-Edge Display, Windows 11 Home, Long-Lasting Battery, Fast Charge, 720p Webcam (15-ef2024nr)",365.00,4.5,220
"HP 2022 17.3"" FHD IPS Display Laptop AMD 6-Core Ryzen 5 5500U AMD Radeon Graphics 32GB RAM DDR4 1TB NVMe SSD USB-C WiFi AC Bluetooth HDMI Webcam Windows 10 Home w/ RE USB",0,4.4,151
"ASUS Vivobook S 14 Flip 14” WUXGA 16:10 touch, AMD Ryzen 5 5600H CPU, 8GB RAM, 512GB SSD, NumberPad, FingerPrint, Windows 11 Home, Quiet Blue, TN3402QA-AS54T",659.00,4.4,28
"Razer Blade 15 Base Gaming Laptop 2020: Intel Core i7-10750H 6 Core, NVIDIA GeForce RTX 2070 Max-Q, 15.6"" FHD 1080p 144Hz, 16GB RAM, 512GB SSD, CNC Aluminum, Chroma RGB Lighting, Thunderbolt 3, Black","1,920.50",4.4,"1,441"
"Lenovo Chromebook S330 Laptop, 14-Inch FHD Display, MediaTek MT8173C, 4GB RAM, 64GB Storage, Chrome OS",158.00,4.3,"3,636"
"HP 15-Inch HD Touchscreen Laptop, 10th Gen Intel Core i5-1035G1, 8 GB SDRAM, 512 GB Solid-State Drive, Windows 10 Home (15-dy1020nr, Natural Silver), 15-15.99 inches",0,4.2,(306)
"Lenovo IdeaPad 3 Laptop, 14"" FHD Screen, Intel Core i5-1135G7, 12GB RAM, 512GB SSD, Webcam, Fingerprint Reader, HDMI, SD Card Reader, Wi-Fi 6, Windows 11 Home, Arctic Grey",0,4.5,(21)
"ASUS VivoBook 17X Laptop, 17.3” FHD Display, AMD Ryzen 7 5800H CPU, AMD Radeon Graphics, 8GB RAM, 512GB SSD, Fingerprint Sensor, Windows 11 Home, Quiet Blue, S1703QA-DS71",0,0,0
Razer Blade 15 Gaming Laptop: NVIDIA GeForce RTX 3080 - 11th Gen Intel 8-Core i9 CPU - 15.6” 4K OLED - 32GB RAM - 1TB SSD - CNC Aluminum - Chroma RGB - THX Spatial Audio - Thunderbolt 3,0,3.8,(46)
"2022 HP Pavilion 15.6"" FHD Touchscreen Laptop 11th Gen 4-Core Intel i5-1135G7 16GB DDR4 512GB NVMe SSD Iris Xe Graphics HDMI Webcam WiFi-6 Bluetooth Backlit Keyboard Windows 10 Pro w/ 32GB USB",0,5.0,(4)
"Lenovo Chromebook C330 2-in-1 Convertible Laptop, 11.6"" HD Display, MediaTek MT8173C, 4GB RAM, 64GB Storage, Chrome OS, Blizzard White",184.00,4.5,"10,798"
"ASUS VivoBook S 14 OLED Slim Laptop, 14” 2.8K 16:10 Display, Intel Evo Platform, Intel Core i7-12700H CPU, 16GB RAM, 512GB SSD, Windows 11 Home, Indie Black, K3402ZA-DB74",878.88,3.5,4
"Lenovo IdeaPad 1 14 Laptop, 14.0"" HD Display, Intel Celeron N4020, 4GB RAM, 64GB Storage, Intel UHD Graphics 600, Win 11 in S Mode, Cloud Grey",149.99,4.1,23
"MSI Raider GE67Hx 15.6"" OLED QHD 240Hz Gaming Laptop: Intel Core i7-12800HX RTX 3070 Ti 16GB DDR5 1TB NVMe SSD, USB-Type C, Thunderbolt 4, Cooler Boost 5, Win11 Pro: Titanium Blue 12UGS-013",0,4.3,10
"HP EliteBook 840 G2 Business Notebook with 14 Inch HD Display, Intel Core i7 CPU, 16GB RAM, 500GB SSD, Windows 10, (Renewed)",0,4.2,79
"HP 2022 Elitebook 840 G9 Business Laptop 14"" WUXGA IPS 12th Intel 10-Core i7-1255U Iris Xe Graphics 64GB DDR5 2TB NVMe SSD WiFi 6E Backlit KB Fingerprint 2xThunderbolt 4 Windows 11 Pro w/ RE USB","2,149.99",0,0
"MSI GS66 Stealth 15.6"" FHD 240Hz 2.5ms Ultra Thin and Light Gaming Laptop Intel Core i7-11800H RTX3060 16GB 1TB NVMe SSD Win11 VR Ready - Black (11UE-662)",0,0,0
"HP ENVY 13-13.99 Inches Thin Laptop w/ Fingerprint Reader, 4K Touchscreen, Intel Core i7-8565U, NVIDIA GeForce MX250 Graphics, 16GB SDRAM, 512GB SSD, Windows 10 Home (13-aq0044nr, Natural Silver)",0,4.3,480
"Dell XPS 13 Plus 9320 13.4"" Touchscreen Notebook - 3.5K - 3456 x 2160 - Intel Core i7 12th Gen i7-1260P Dodeca-core (12 Core) - Intel Evo Platform - 32 GB Total RAM - 32 GB On-Board Memory - 1 TB SSD","2,737.83",2.0,1
"2022 Acer Predator Helios 300 Gaming Laptop, 15.6"" FHD IPS 165Hz 3ms, 12th Gen Intel 14-Core i7-12700H, GeForce RTX 3060 140W, 32GB DDR5, 1TB PCIe SSD, TB 4, WiFi 6, RGB, SPS HDMI 2.1 Cable, Win 11",0,4.2,8
"HP 15 Business & Student Laptop, 15.6"" FHD Micro-Edge Display, 11th Gen Intel Core i5-1135G7, 8GB RAM, 512GB SSD, Webcam, USB-C, WiFi, Long Battery Life, SPS HDMI Cable, Win 11 Home",0,5.0,6
"ASUS VivoBook Pro 15X Laptop, 144Hz 15.6” FHD Display, AMD Ryzen 9 6900HX Mobile CPU, NVIDIA GeForce RTX 3070 GPU, 32GB DDR5 RAM, 1TB PCIe SSD, Windows 11 Home, 0°Black, M6501RR-DB96",0,4.5,2
"GIGABYTE AERO 16 YE5 - 16"" 4K/UHD+ Samsung AMOLED, Intel Core i9-12900H, NVIDIA GeForce RTX 3080 Ti Laptop GPU 16GB GDDR6, 64GB DDR5 RAM, 2TB SSD, Win11 Pro (AERO 16 YE5-A4US958HP)",0,1.0,1
"2022 Dell Inspiron 5420 14"" 2.2K (2240x1400) Laptop 12th Intel i7-1255U 10-Core 32GB DDR4 1TB NVMe SSD NVIDIA MX570 Graphics Backlit Keyboard w/ Fingerprint Reader WiFi 6E Windows 11 Pro",0,0,0
"ASUS ZenBook 14X OLED Space Edition Laptop, 14” 4K 16:10 OLED Touch Display, Intel Core i9-12900H CPU, 32GB RAM, 1TB SSD, Windows 11 Pro, ZenVision Display, UX5401ZAS-XH99T",0,0,0
"ASUS ZenBook Pro 16X OLED 16 inch 4K OLED 16:10 Touch Display, ASUS Dial, Intel Core i9-12900H, 32GB, 2TB, GeForce RTX 3060 GPU, Windows 11 Pro, Tech Black, UX7602ZM-XB96T",0,4.4,0
"Microsoft Surface Laptop 3 – 13.5"" Touch-Screen – Intel Core i5 - 8GB Memory - 256GB Solid State Drive – Matte Black",890.00,4.5,0
"Lenovo IdeaPad 3 15.6"" Full HD Touchscreen Laptop, Ryzen 7 5700U, 12GB RAM, 512GB SSD, Windows 11 Home, Cloud Grey",0,0,0
"MSI Stealth 15M Gaming Laptop: 15.6"" 144Hz FHD 1080p Display, Intel Core i7-11375H, NVIDIA GeForce RTX 3060, 16GB, 512GB SSD, Thunderbolt 4, WiFi 6, Win10, Carbon Gray (A11UEK-009)","1,399.00",4.3,0
"ASUS Student Laptop, 12 inch IPS Anti-Glare Eye-Care HD Display, Intel Celeron N4500, Military-Grade Durability, Wi-Fi 6, Ethernet Port, Long Battery Life, Windows 10 Pro (4GB RAM | 128GB SSD)",0,4.2,0
"ASUS VivoBook Pro 16 Laptop, 16” 16:10 Display, Intel Core i7-12650H CPU, NVIDIA® GeForce RTX 3050 Ti GPU, 16GB RAM, 1TB SSD, Windows 11 Home, Quiet Blue, K6602ZE-DB76",0,0,0
"HP New 2022 17.3"" FHD IPS Display, 11th Gen Intel Core i3-1115G4, Windows 11 Home, 8GB RAM, 256GB SSD, Wi-Fi 5, Bluetooth, HDMI, Webcam",0,4.3,0
"ASUS ROG Strix G15 (2022) Gaming Laptop, 15.6"" 300Hz IPS FHD Display, NVIDIA GeForce RTX 3050, AMD Ryzen 7 6800H, 16GB DDR5, 1TB SSD, RGB Keyboard, Windows 11 Home, G513RC-IS74","1,259.90",4.7,0
"Acer Aspire 5 A517-52-58UL Laptop | 17.3"" Full HD IPS Display | 11th Gen Intel Core i5-1135G7 | Intel Iris Xe Graphics | 8GB DDR4 | 512GB SSD | WiFi 6 | Fingerprint Reader | BL Keyboard | Windows 11",609.00,4.3,0
"Toshiba Dynabook Satellite Pro L50-G Business Computer, 15.6"" FHD Laptop, Intel Quard-Core i7-10510U, 16GB DDR4 RAM, 1TB PCIe SSD, GeForce MX250 2GB, Bluetooth, WiFi, Webcam, Type-C, Windows 10 Pro","2,299.00",4.6,0
"HP 15-dy1036nr 10th Gen Intel Core i5-1035G1, 15.6-Inch FHD Laptop, Natural Silver",439.00,4.5,0
"Dell Inspiron 15 3505 Full HD Laptop (FHD), 15.6 inch - AMD Ryzen 5 3450U, 12GB DDR4 RAM, 512GB SSD, AMD Radeon Vega 8 Graphics, Windows Laptop (10) - Black",0,4.5,0
"HP 17 Laptop PC, 11 Generation Intel Core, 4 GB RAM, 256 GB SSD, UHD Graphics, 17.3"" HD+ Display, Windows 11 Home, Wi-Fi & Bluetooth Combo, 7 Ports, Long Battery Life, HD Webcam (17-by4025nr, 2022)",430.99,4.5,0
"Lenovo - Legion 5 - Gaming Laptop - 15.6"" FHD - AMD Ryzen 5 5600H - 8GB DDR4 RAM - 512GB NVMe TLC SSD - NVIDIA GeForce RTX 3050 Ti Graphics - Windows 11 Home - Phantom Blue",714.95,4.8,0
"HP 2022 Newest 15.6 HD Micro-Edge Laptop，8-Cores AMD Ryzen 7 5700U(up to 4.3GHz), 16GB DDR4 RAM, 512GB PCIe SSD, Full-Size KB, WiFi 6, Bluetooth 5.2, HDMI, Windows 11, Silver, w/ 3in1 Accessories",609.99,3.9,(18)
"2022 HP High Performance Business Laptop - 17.3"" FHD (1920 x 1080) IPS - 11th Intel i5-1135G7 4-Core Iris Xe Graphics - 16GB DDR4 - 512GB SSD - Fullsize Keyboard- Windows 10 Pro w/ 32GB USB",0,3.5,(4)
"HP 15-Inch HD Touchscreen Laptop, 10th Gen Intel Core i5-1035G1, 8 GB SDRAM, 512 GB Solid-State Drive, Windows 10 Home (15-dy1020nr, Natural Silver), 15-15.99 inches",0,4.2,(306)
"Lenovo IdeaPad 3 Laptop, 14"" FHD Screen, Intel Core i5-1135G7, 12GB RAM, 512GB SSD, Webcam, Fingerprint Reader, HDMI, SD Card Reader, Wi-Fi 6, Windows 11 Home, Arctic Grey",0,4.5,(21)
"ASUS VivoBook 17X Laptop, 17.3” FHD Display, AMD Ryzen 7 5800H CPU, AMD Radeon Graphics, 8GB RAM, 512GB SSD, Fingerprint Sensor, Windows 11 Home, Quiet Blue, S1703QA-DS71",0,0,0
Razer Blade 15 Gaming Laptop: NVIDIA GeForce RTX 3080 - 11th Gen Intel 8-Core i9 CPU - 15.6” 4K OLED - 32GB RAM - 1TB SSD - CNC Aluminum - Chroma RGB - THX Spatial Audio - Thunderbolt 3,0,3.8,(46)
"2022 HP Pavilion 15.6"" FHD Touchscreen Laptop 11th Gen 4-Core Intel i5-1135G7 16GB DDR4 512GB NVMe SSD Iris Xe Graphics HDMI Webcam WiFi-6 Bluetooth Backlit Keyboard Windows 10 Pro w/ 32GB USB",0,5.0,(4)
"Panasonic Toughbook CF-53 Laptop PC, 14 HD Display, Intel i5-2520M 2.5GHz, 16GB RAM, 2TB SSD, Windows 10 (Renewed)",835.95,4.2,(215)
"Dell G3779-7934BLK-PUS Gaming Laptop 17"" LED Display - 8th Gen Intel Core i7-8750H, 8GB Memory, 128GB SSD+1TB HDD, NVIDIA GeForce GTX 1050 Ti 4GB, Black",0,3.9,(82)
"HP Envy 2019,17.3"" Full HD Touch, i7-10510U 10th gen Quad CPU,NVIDIA MX250(4GB), 1TB SSD NVME,16GB DDR4 2666 RAM,Win 10 Pro, Neopack 64GB Flash Drive, B&O Speakers, Premium Wty, No DVD RW","1,698.88",4.5,(421)
"HP 2022 Elitebook 840 G9 Business Laptop 14"" WUXGA IPS 12th Intel Core i7-1255U 10-Core Iris Xe Graphics 64GB DDR5 2TB SSD Backlit KB FP Reader Thunderbolt 4 WiFi 6E Windows 11 Pro w/ RATZK 32GB USB","2,149.00",0,0
"GIGABYTE G5 GD - 15.6"" FHD IPS Anti-Glare 144Hz, Intel Core i5, NVIDIA GeForce RTX 3050 GPU 4GB GDDR6, 16GB Memory, 512GB SSD, Win11 Home Gaming Laptop (G5 GD-51US123SO)",849.99,4.5,(205)
"Lenovo IdeaPad 3 14"" FHD Laptop, 11th Gen Intel 4-Core i7-1165G7, Intel Iris Xe Graphics, 20GB RAM, 2TB PCIe SSD, FP Reader, Webcam, USB-C, HDMI, SD Card Reader, WiFi 6, SPS HDMI Cable, Win 11 Home",0,5.0,(1)
"Microsoft Surface Laptop Go 12.4"" Touchscreen Laptop PC, Intel Quad-Core i5-1035G1, 4GB RAM, 64GB eMMC, Webcam, Win 10, Bluetooth, Online Class Ready - Platinum",0,4.4,(125)
"MSI Prestige 14 EVO 14"" FHD Ultra Thin and Light Professional Laptop Intel Core i7-1185G7 Intel Iris Xe 32GB DDR4 1TB NVMe SSD Win10Home - Gray (A11MO-217)",709.29,4.0,(1)
"Acer ConceptD 3 Pro CN315-71P-58N0 Creator Laptop, Intel i5-9300H, NVIDIA Quadro T1000, NVIDIA Studio, 15.6"" FHD IPS, 100% DCI-P3 Color Gamut, Pantone Validated, Delta E<2, 16GB DDR4, 512GB NVMe SSD",644.49,4.1,(3)
"Razer Blade 15 Gaming Laptop 2019: Intel Core i7-9750H 6 Core, NVIDIA GeForce RTX 2060, 15.6"" FHD 1080p 144Hz, 16GB RAM, 512GB SSD, CNC Aluminum, Chroma RGB Lighting, Thunderbolt 3",0,4.4,696
"ASUS ROG Strix Scar 15 (2022) Gaming Laptop, 15.6” 240Hz IPS QHD Display, NVIDIA GeForce RTX 3080 Ti, Intel Core i9 12900H, 32GB DDR5, 1TB SSD, Per-Key RGB Keyboard, Windows 11 Pro, G533ZX-XS96",0,4.5,39
"2022 Newest Dell Inspiron 3000 Laptop, 15.6 HD LED-Backlit Display, Intel Celeron Processor N4020, 8GB DDR4 RAM, 128GB PCIe SSD, Online Meeting Ready, Webcam, WiFi, HDMI, Bluetooth, Win10 Home, Black",0,4.4,459
"ASUS TUF Gaming F17 Gaming Laptop, 17.3” 144Hz FHD IPS-Type Display, Intel Core i5-10300H, GeForce GTX 1650 Ti, 8GB DDR4, 512GB PCIe SSD, RGB Keyboard, Windows 10, Bonfire Black, FX706LI-ES53",826.99,4.6,670
"HP 14-inch Touchscreen Laptop, AMD Ryzen 3-3200U up to 3.5GHz, 8GB DDR4, 256GB SSD, Bluetooth, USB 3.1 Type-C, Webcam, WiFi, HDMI, Windows 10 Home",0,4.5,742
"2022 HP Envy Laptop 17.3"" FHD IPS Touchscreen 10-Core 12th Intel i7-1255U Iris Xe Graphics 32GB DDR4 1TB SSD Thunderbolt 4 Wi-Fi 6E Backlit Keyboard w/ FP Reader Windows 11 Pro with 32GB USB Stick","1,299.00",1.0,1
"Dell Inspiron 15 Touchscreen Laptop 2022 Newest, 15.6"" FHD Display, 11th Gen Intel Core i7-1165G7 (up to 4.7 GHz), 16GB RAM, 512GB PCIE SSD, Webcam, Bluetooth 5, HDMI, Windows 11, Black",0,3.7,11
"Newest Dell Inspiron 15 3000 Series 3511 Laptop, 15.6"" FHD Display, 11th Gen Intel Core i5-1135G7 Quad-Core Processor, 16GB RAM, 1TB SSD, HDMI, Webcam, Windows 10, Black (Latest Model)",585.99,4.8,6
"ASUS Zenbook Pro 17 Laptop, 17.3” Pantone Validated Display, AMD Ryzen 7 6800H CPU, AMD Radeon Graphics, 8GB RAM, 512GB SSD, WiFi 6E, Windows 11 Home, Tech Black, UM6702RA-DB71",0,4.5,2
"2020 Lenovo ThinkPad E15 15.6” FHD Business Laptop Computer, 10th gen Intel i5-10210U (up to 4.20GHz), 32GB RAM, 1TB SSD, WiFi HDMI Win10 Pro","1,029.99",4.3,274
"Acer Aspire 5 A517-52-713G, 17.3"" Full HD IPS Display, 11th Gen Intel Core i7-1165G7, Intel Iris Xe Graphics, 16GB DDR4, 512GB NVMe SSD, WiFi 6, Fingerprint Reader, Backlit Keyboard",0,4.5,87
"ASUS Chromebook C425 Clamshell Laptop, 14"" FHD 4-Way NanoEdge Touch Screen, Intel Core m3-8100Y Processor, 4GB RAM, 128GB eMMC Storage, Backlit KB, Silver, Chrome OS, C425TA-AS348FT",225.00,4.3,45
"ASUS Laptop L510 Ultra Thin Laptop, 15.6” FHD Display, Intel Celeron N4020 Processor, 4GB RAM, 64GB Storage, Windows 10 Home in S Mode, 1 Year Microsoft 365, Star Black, L510MA-DH02",0,4.0,15
"Acer Predator Helios 300 Gaming Laptop PC, 15.6"" Full HD 144Hz 3ms IPS Display, Intel i7-9750H, GeForce GTX 1660 Ti 6GB, 16GB DDR4, 256GB NVMe SSD, Backlit Keyboard, PH315-52-78VL",0,4.5,"2,955"
"2022 Newest HP Envy x360 2-in-1 13.3"" OLED Touch-Screen Laptop, Intel Evo Core i7-1195G7(Up to 5.0 GHz), 8GB RAM, 512GB PCle SSD, Fingerprint Reader, Backlit Keyboard, Windows 11, Natural Silver",848.97,3.5,11
"ASUS TUF Gaming F15 Gaming Laptop, 15.6” 144Hz FHD IPS-Type Display, Intel Core i7-11800H Processor, GeForce RTX 3060, 16GB DDR4 RAM, 1TB PCIe SSD, Wi-Fi 6, Windows 10 Home, TUF506HM-ES76","1,329.00",4.5,97
"Apple MacBook Air 13.3"" with Retina Display, M1 Chip with 8-Core CPU and 7-Core GPU, 16GB Memory, 512GB SSD, Space Gray, Late 2020","1,395.77",4.7,133
"2021 Newest HP 15.6"" FHD IPS Touchscreen Laptop PC, Intel i7-1065G7 Quad-Core Processor, 32GB DDR4 RAM, 1TB NVMe SSD, Intel Iris Plus Graphics, Webcam, HDMI, Silver, Windows 10 Pro w/ Accessories",894.12,4.2,21
"HP 2022 Envy Laptop 17.3"" FHD IPS Touchscreen 12th Intel i7-1255U NVIDIA Geforce MX550 Graphics 64GB DDR4 2TB NVMe SSD WiFi 6E HDMI Thunderbolt4 Backlit KB Fingerprint Windows 11 Pro w/ RE USB",0,4.6,21
"Dell Precision M7730 Laptop, 17.3inch FHD (1920x1080), Intel Xeon E-2176M, 64GB (4x16GB) RAM, 1TB SSD, NVIDIA Quadro P3200, Windows 10 Pro (Renewed)","1,489.95",3.2,3
"Lenovo IdeaPad Duet 5 Chromebook, OLED 13.3"" FHD Touch Display, Snapdragon SC7180, 4GB RAM, 64GB Storage, Qualcomm Adreno Graphics, Chrome OS, Abyss Blue",416.99,4.2,276
"2022 Newest Dell Inspiron 3000 Laptop, 15.6 HD Display, Intel N4020 Processor, 16GB RAM, 512GB PCIe SSD, Online Meeting Ready, Webcam, WiFi, HDMI, Bluetooth, Win10 Home, Black",0,4.3,278
"Lenovo Ideapad 5i 15.6"" FHD (1920 x 1080) Touchscreen Laptop, Intel Core i5-1135G7 Quad Core 11th Gen. Up to 2.4 GHz, 8GB RAM, 256GB SSD, Bluetooth, HDMI, Win 10 Home, Blue",595.00,4.4,18
"ASUS VivoBook Flip 14 Thin and Light 2-in-1 Laptop, 14” FHD Touch Display, AMD Ryzen 7 5700U, 8GB RAM, 512GB SSD, Stylus, Windows 10 Home, Fingerprint Reader, Bespoke Black, TM420UA-DS71T",0,4.4,209
"2022 Newest Dell Inspiron 3000 Laptop, 15.6 HD Display, Intel Celeron Processor N4020, 16GB DDR4 RAM, 1TB PCIe Solid State Drive, Online Meeting Ready, Webcam, WiFi, HDMI, Win10 Pro, Black",0,4.0,132
"ASUS ROG Flow X13 Ultra Slim 2-in-1 Gaming Laptop, 13.4” 120Hz FHD+ Display, GeForce GTX 1650, AMD Ryzen 9 5900HS, 16GB LPDDR4X, 1TB PCIe SSD, Wi-Fi 6, Windows 10 Home, GV301QH-DS96","1,149.00",4.3,91
"ASUS VivoBook 15 OLED K513 Thin & Light Laptop, 15.6 OLED Display, Intel i5-1135G7 CPU, NVIDIA GeForce MX350 GPU, 8GB RAM, 512GB PCIe SSD, Fingerprint Reader, Windows 10 Home, Indie Black, K513EQ-PB56",699.00,4.4,32
"HP 2022 Pavilion 15.6"" IPS FHD Touchscreen Laptop Intel 12th 10-Core i7-1255U Nvidia GeForce MX550 32GB RAM DDR4 2TB NVMe SSD USB-C WiFi AX BT HDMI Webcam Backlit Keyboard Windows 11 Home w/ RE USB",0,4.0,3
"Asus Student Laptop, 12 inch IPS Anti-Glare Eye-Care HD Display, Intel Celeron N4500, Military-Grade Durability, Wi-Fi 6, Long Battery Life, Windows 10 Pro (4GB RAM | 256GB SSD), (BR1100CKA-XS04)",0,4.2,48
"ASUS Zenbook Pro 16 Laptop 16"" 165Hz Refresh Rate Display, Intel i7-12650H CPU, DialPad, NVidia GeForce RTX 3070 Ti Graphics, 32GB RAM, 1TB SSD, Windows 11 Home, Tech Black, UX6601ZW-DB76","2,398.53",3.5,3
"Lenovo New IdeaPad 3i Business Laptop, 14"" FHD Display, Intel Core i5-10210U, Windows 10 Pro, 8GB RAM 256GB SSD, WiFi, Webcam, Bluetooth, HDMI, 32GB Durlyfish USB Card",549.00,3.9,7
Microsoft Surface Laptop 4 15” Touch-Screen – AMD Ryzen 7 Surface Edition - 8GB - 512GB Solid State Drive - Matte Black,0,4.6,33
"LG gram (2022) 17Z90Q Ultra Lightweight Laptop, 17"" (2560 x 1600) IPS Display, Intel Evo 12th Gen i7 1260P Processor, 16GB LPDDR5, 1TB NVMe SSD, FHD Webcam, WiFi 6E, Thunderbolt 4, Windows 11, Black","1,359.00",4.2,50
"HP 2023 15.6"" HD Laptop, Thin and Light, Intel Pentium Silver N5030(4 Cores, Up to 3.1GHz), 8GB RAM, 256GB SSD, Fullsize Keyboard, Webcam, USB-A&C, WiFi 5, Win 11, w/ GM Accessories",369.00,4.5,4
